word,severity
2g1c,sexual
2 girls 1 cup,sexual
acrotomophilia,sexual
alabama hot pocket,sexual
alaskan pipeline,sexual
anal,sexual
anilingus,sexual
anus,sexual
apeshit,profane
arsehole,profane
ass,profane
asshole,profane
assmunch,profane
auto erotic,sexual
autoerotic,sexual
babeland,sexual
baby batter,sexual
baby juice,sexual
ball gag,sexual
ball gravy,sexual
ball kicking,sexual
ball licking,sexual
ball sack,sexual
ball sucking,sexual
bangbros,sexual
bareback,sexual
barely legal,sexual
barenaked,sexual
bastard,profane
bastardo,profane
bastinado,profane
bbw,sexual
bdsm,sexual
beaner,offensive
beaners,offensive
beaver cleaver,sexual
beaver lips,sexual
bestiality,sexual
big black,sexual
big breasts,sexual
big knockers,sexual
big tits,sexual
bimbos,sexual
birdlock,profane
bitch,profane
bitches,profane
black cock,sexual
blonde action,sexual
blonde on blonde action,sexual
blowjob,sexual
blow job,sexual
blow your load,sexual
blue waffle,sexual
blumpkin,sexual
bollocks,profane
bondage,sexual
boner,sexual
boob,sexual
boobs,sexual
booty call,sexual
brown showers,sexual
brunette action,sexual
bukkake,sexual
bulldyke,offensive
bullet vibe,sexual
bullshit,profane
bung hole,sexual
bunghole,sexual
busty,sexual
butt,sexual
buttcheeks,sexual
butthole,sexual
camel toe,sexual
camgirl,sexual
camslut,sexual
camwhore,sexual
carpet muncher,sexual
carpetmuncher,sexual
chocolate rosebuds,sexual
circlejerk,sexual
cleveland steamer,sexual
clit,sexual
clitoris,sexual
clover clamps,sexual
clusterfuck,profane
cock,sexual
cocks,sexual
coprolagnia,sexual
coprophilia,sexual
cornhole,sexual
coon,offensive
coons,offensive
creampie,sexual
cum,sexual
cumming,sexual
cunnilingus,sexual
cunt,sexual
darkie,offensive
date rape,sexual
daterape,sexual
deep throat,sexual
deepthroat,sexual
dendrophilia,sexual
dick,sexual
dildo,sexual
dingleberry,sexual
dingleberries,sexual
dirty pillows,sexual
dirty sanchez,sexual
doggie style,sexual
doggiestyle,sexual
doggy style,sexual
doggystyle,sexual
dog style,sexual
dolcett,sexual
domination,sexual
dominatrix,sexual
dommes,sexual
donkey punch,sexual
double dong,sexual
double penetration,sexual
dp action,sexual
dry hump,sexual
dvda,sexual
eat my ass,sexual
ecchi,sexual
ejaculation,sexual
erotic,sexual
erotism,sexual
escort,sexual
eunuch,sexual
faggot,offensive
fecal,sexual
felch,sexual
fellatio,sexual
feltch,sexual
female squirting,sexual
femdom,sexual
figging,sexual
fingerbang,sexual
fingering,sexual
fisting,sexual
foot fetish,sexual
footjob,sexual
frotting,sexual
fuck,profane
fuck buttons,profane
fuckin,profane
fucking,profane
fucktards,profane
fudge packer,offensive
fudgepacker,offensive
futanari,sexual
gang bang,sexual
gay sex,sexual
genitals,sexual
giant cock,sexual
girl on,sexual
girl on top,sexual
girls gone wild,sexual
goatcx,sexual
goatse,sexual
god damn,profane
gokkun,sexual
golden shower,sexual
goodpoop,sexual
goo girl,sexual
goregasm,sexual
grope,sexual
group sex,sexual
g-spot,sexual
guro,sexual
hand job,sexual
handjob,sexual
hard core,sexual
hardcore,sexual
hentai,sexual
homoerotic,sexual
honkey,offensive
hooker,sexual
hot carl,sexual
hot chick,sexual
how to kill,offensive
how to murder,offensive
huge fat,offensive
humping,sexual
incest,sexual
intercourse,sexual
jack off,sexual
jail bait,sexual
jailbait,sexual
jelly donut,sexual
jerk off,sexual
jigaboo,offensive
jiggaboo,offensive
jiggerboo,offensive
jizz,sexual
juggs,sexual
kike,offensive
kinbaku,sexual
kinkster,sexual
kinky,sexual
knobbing,sexual
leather restraint,sexual
leather straight jacket,sexual
lemon party,sexual
lolita,sexual
lovemaking,sexual
make me come,sexual
male squirting,sexual
masturbate,sexual
menage a trois,sexual
milf,sexual
missionary position,sexual
motherfucker,profane
mound of venus,sexual
mr hands,sexual
muff diver,sexual
muffdiving,sexual
nambla,sexual
nawashi,sexual
negro,offensive
neonazi,offensive
nigga,offensive
nigger,offensive
nig nog,offensive
nimphomania,sexual
nipple,sexual
nipples,sexual
nsfw images,sexual
nude,sexual
nudity,sexual
nympho,sexual
nymphomania,sexual
octopussy,sexual
omorashi,sexual
one cup two girls,sexual
one guy one jar,sexual
orgasm,sexual
orgy,sexual
paedophile,sexual
paki,offensive
panties,sexual
panty,sexual
pedobear,sexual
pedophile,sexual
pegging,sexual
penis,sexual
phone sex,sexual
piece of shit,profane
pissing,sexual
piss pig,sexual
pisspig,sexual
playboy,sexual
pleasure chest,sexual
pole smoker,sexual
ponyplay,sexual
poof,offensive
poon,sexual
poontang,sexual
punany,sexual
poop chute,sexual
poopchute,sexual
porn,sexual
porno,sexual
pornography,sexual
prince albert piercing,sexual
pthc,sexual
pubes,sexual
pussy,sexual
queaf,sexual
queef,sexual
quim,sexual
raghead,offensive
raging boner,sexual
rape,sexual
raping,sexual
rapist,sexual
rectum,sexual
reverse cowgirl,sexual
rimjob,sexual
rimming,sexual
rosy palm,sexual
rosy palm and her 5 sisters,sexual
rusty trombone,sexual
sadism,sexual
santorum,sexual
scat,sexual
schlong,sexual
scissoring,sexual
semen,sexual
sex,sexual
sexo,sexual
sexy,sexual
shaved beaver,sexual
shaved pussy,sexual
shemale,sexual
shibari,sexual
shit,profane
shitblimp,profane
shitty,profane
shota,sexual
shrimping,sexual
skeet,sexual
slanteye,offensive
slut,sexual
s&m,sexual
smut,sexual
snatch,sexual
snowballing,sexual
sodomize,sexual
sodomy,sexual
spic,offensive
splooge,sexual
splooge moose,sexual
spooge,sexual
spread legs,sexual
spunk,sexual
strap on,sexual
strapon,sexual
strappado,sexual
strip club,sexual
style doggy,sexual
suck,sexual
sucks,sexual
suicide girls,sexual
sultry women,sexual
swastika,offensive
swinger,sexual
tainted love,sexual
taste my,sexual
tea bagging,sexual
threesome,sexual
throating,sexual
tied up,sexual
tight white,sexual
tit,sexual
tits,sexual
titties,sexual
titty,sexual
tongue in a,sexual
topless,sexual
tosser,offensive
towelhead,offensive
tranny,sexual
tribadism,sexual
tub girl,sexual
tubgirl,sexual
tushy,sexual
twat,sexual
twink,sexual
twinkie,sexual
two girls one cup,sexual
undressing,sexual
upskirt,sexual
urethra play,sexual
urophilia,sexual
vagina,sexual
venus mound,sexual
vibrator,sexual
violet wand,sexual
vorarephilia,sexual
voyeur,sexual
vulva,sexual
wank,sexual
wetback,offensive
wet dream,sexual
white power,offensive
wrapping men,sexual
wrinkled starfish,sexual
xx,sexual
xxx,sexual
yaoi,sexual
yellow showers,sexual
yiffy,sexual
zoophilia,sexual
ðŸ–•,profane
